Id,First_Name,Last_Name,Age,City,Email,Gender,dateofbirth
1,Sophia,Hanson,28,Bivere,epza@ibapuwo.mh,Male,2006-02-20
2,Etta,Perry,24,Seiscom,mularura@vagitni.bb,Female,2003-04-20
3,Della,Howard,39,Meoburup,ce@he.zw,Female,2013-11-02
4,Alejandro,Franklin,50,Saicoih,busgannum@viel.gn,Female,2009-02-24
5,Cody,Ball,52,Bonefzi,usu@ovasem.kg,Female,2018-03-27
6,Jordan,Gilbert,42,Puneulo,ko@ge.sc,Female,2015-05-03
7,Cecilia,Davidson,32,Kapibdiv,ja@wu.mp,Male,2016-11-20
8,Eula,Edwards,55,Dubsere,gumpaj@loodo.ml,Female,2006-02-04
9,Frederick,Casey,64,Katosuliw,gapob@witi.bn,Male,1998-04-25
10,Shawn,Steele,29,Wiidici,uzutah@rus.ky,Female,2009-11-22
