id,fullname,subscription_date,city,email,phone
1,Laura Burton,2016-08-20,Fijowu,rievi@buimagel.sz,(828) 886-1643
2,Pearl Simmons,2022-12-27,Benokih,enjuhi@morzoop.id,(742) 771-7666
3,Katherine West,2023-09-22,Peuvugoc,taittev@tib.es,(679) 602-2491
4,Roxie Delgado,2008-06-07,Bapabizu,haga@ilrah.pa,(860) 965-3186
5,Johnny Moss,2018-10-17,Donjojan,vorvi@haksal.ml,(568) 293-7473
6,Elnora Perry,2019-05-18,Jopeko,rapmu@topidi.fr,(241) 880-8265
7,Jesus Buchanan,2013-02-10,Fedjuwo,miso@togco.td,(588) 975-3682
8,Emilie Robinson,2021-09-06,Todorob,me@irdegap.tc,(734) 771-9537
9,Earl Thompson,2014-11-08,Vuhidim,bihdekji@ifo.kn,(688) 883-3210
10,Ina Dean,2015-03-20,Catempu,vuwuna@wasiw.gt,(479) 727-6989
